"State","avg_rate_before","avg_rate_after"
"Idaho",142.936219847169,152.597646273333
"Montana",147.773556531554,164.375243468937
"Nevada",145.117586595618,146.970781998404
"Wyoming",155.50815841717,152.405073580205
